物品数量,背包容量,算法名称,选择物品数量,总重量,总价值,执行时间(ms),占用空间(MB),选择的物品编号(前50个),是否找到解
10,10000,蛮力法,10,438.15,5021.40,0.093,0.00,1;2;3;4;5;6;7;8;9;10,是
10,10000,动态规划法,10,438.15,5021.40,0.124,0.05,1;2;3;4;5;6;7;8;9;10,是
10,10000,贪心法,10,438.15,5021.40,0.009,0.00,1;2;3;4;5;6;7;8;9;10,是
10,10000,回溯法,10,438.15,5021.40,0.010,0.00,1;2;3;4;5;6;7;8;9;10,是
10,100000,蛮力法,10,438.15,5021.40,0.101,0.00,1;2;3;4;5;6;7;8;9;10,是
10,100000,动态规划法,10,438.15,5021.40,0.091,0.05,1;2;3;4;5;6;7;8;9;10,是
10,100000,贪心法,10,438.15,5021.40,0.007,0.00,1;2;3;4;5;6;7;8;9;10,是
10,100000,回溯法,10,438.15,5021.40,0.008,0.00,1;2;3;4;5;6;7;8;9;10,是
10,1000000,蛮力法,10,438.15,5021.40,0.099,0.00,1;2;3;4;5;6;7;8;9;10,是
10,1000000,动态规划法,10,438.15,5021.40,0.988,0.53,1;2;3;4;5;6;7;8;9;10,是
10,1000000,贪心法,10,438.15,5021.40,0.009,0.00,1;2;3;4;5;6;7;8;9;10,是
10,1000000,回溯法,10,438.15,5021.40,0.032,0.00,1;2;3;4;5;6;7;8;9;10,是
20,10000,蛮力法,20,884.31,10720.92,115.694,0.00,1;2;3;4;5;6;7;8;9;10;11;12;13;14;15;16;17;18;19;20,是
20,10000,动态规划法,20,884.31,10720.92,0.257,0.09,1;2;3;4;5;6;7;8;9;10;11;12;13;14;15;16;17;18;19;20,是
20,10000,贪心法,20,884.31,10720.92,0.010,0.00,1;2;3;4;5;6;7;8;9;10;11;12;13;14;15;16;17;18;19;20,是
20,10000,回溯法,20,884.31,10720.92,0.013,0.00,1;2;3;4;5;6;7;8;9;10;11;12;13;14;15;16;17;18;19;20,是
20,100000,蛮力法,20,884.31,10720.92,140.616,0.00,1;2;3;4;5;6;7;8;9;10;11;12;13;14;15;16;17;18;19;20,是
20,100000,动态规划法,20,884.31,10720.92,0.276,0.09,1;2;3;4;5;6;7;8;9;10;11;12;13;14;15;16;17;18;19;20,是
20,100000,贪心法,20,884.31,10720.92,0.011,0.00,1;2;3;4;5;6;7;8;9;10;11;12;13;14;15;16;17;18;19;20,是
20,100000,回溯法,20,884.31,10720.92,0.025,0.00,1;2;3;4;5;6;7;8;9;10;11;12;13;14;15;16;17;18;19;20,是
20,1000000,蛮力法,20,884.31,10720.92,110.950,0.00,1;2;3;4;5;6;7;8;9;10;11;12;13;14;15;16;17;18;19;20,是
20,1000000,动态规划法,20,884.31,10720.92,1.461,0.92,1;2;3;4;5;6;7;8;9;10;11;12;13;14;15;16;17;18;19;20,是
20,1000000,贪心法,20,884.31,10720.92,0.010,0.00,1;2;3;4;5;6;7;8;9;10;11;12;13;14;15;16;17;18;19;20,是
20,1000000,回溯法,20,884.31,10720.92,0.012,0.00,1;2;3;4;5;6;7;8;9;10;11;12;13;14;15;16;17;18;19;20,是
30,10000,蛮力法,0,0,0,0,0,,跳过
30,10000,动态规划法,30,1353.64,17191.41,0.307,0.13,1;2;3;4;5;6;7;8;9;10;11;12;13;14;15;16;17;18;19;20;21;22;23;24;25;26;27;28;29;30,是
30,10000,贪心法,30,1353.64,17191.41,0.009,0.00,1;2;3;4;5;6;7;8;9;10;11;12;13;14;15;16;17;18;19;20;21;22;23;24;25;26;27;28;29;30,是
30,10000,回溯法,30,1353.64,17191.41,0.018,0.00,1;2;3;4;5;6;7;8;9;10;11;12;13;14;15;16;17;18;19;20;21;22;23;24;25;26;27;28;29;30,是
30,100000,蛮力法,0,0,0,0,0,,跳过
30,100000,动态规划法,30,1353.64,17191.41,0.168,0.13,1;2;3;4;5;6;7;8;9;10;11;12;13;14;15;16;17;18;19;20;21;22;23;24;25;26;27;28;29;30,是
30,100000,贪心法,30,1353.64,17191.41,0.008,0.00,1;2;3;4;5;6;7;8;9;10;11;12;13;14;15;16;17;18;19;20;21;22;23;24;25;26;27;28;29;30,是
30,100000,回溯法,30,1353.64,17191.41,0.010,0.00,1;2;3;4;5;6;7;8;9;10;11;12;13;14;15;16;17;18;19;20;21;22;23;24;25;26;27;28;29;30,是
30,1000000,蛮力法,0,0,0,0,0,,跳过
30,1000000,动态规划法,30,1353.64,17191.41,2.340,1.30,1;2;3;4;5;6;7;8;9;10;11;12;13;14;15;16;17;18;19;20;21;22;23;24;25;26;27;28;29;30,是
30,1000000,贪心法,30,1353.64,17191.41,0.008,0.00,1;2;3;4;5;6;7;8;9;10;11;12;13;14;15;16;17;18;19;20;21;22;23;24;25;26;27;28;29;30,是
30,1000000,回溯法,30,1353.64,17191.41,0.011,0.00,1;2;3;4;5;6;7;8;9;10;11;12;13;14;15;16;17;18;19;20;21;22;23;24;25;26;27;28;29;30,是
40,10000,蛮力法,0,0,0,0,0,,跳过
40,10000,动态规划法,40,1769.00,22656.77,0.236,0.17,1;2;3;4;5;6;7;8;9;10;11;12;13;14;15;16;17;18;19;20;21;22;23;24;25;26;27;28;29;30;31;32;33;34;35;36;37;38;39;40,是
40,10000,贪心法,40,1769.00,22656.77,0.011,0.00,1;2;3;4;5;6;7;8;9;10;11;12;13;14;15;16;17;18;19;20;21;22;23;24;25;26;27;28;29;30;31;32;33;34;35;36;37;38;39;40,是
40,10000,回溯法,40,1769.00,22656.77,0.027,0.00,1;2;3;4;5;6;7;8;9;10;11;12;13;14;15;16;17;18;19;20;21;22;23;24;25;26;27;28;29;30;31;32;33;34;35;36;37;38;39;40,是
40,100000,蛮力法,0,0,0,0,0,,跳过
40,100000,动态规划法,40,1769.00,22656.77,0.392,0.17,1;2;3;4;5;6;7;8;9;10;11;12;13;14;15;16;17;18;19;20;21;22;23;24;25;26;27;28;29;30;31;32;33;34;35;36;37;38;39;40,是
40,100000,贪心法,40,1769.00,22656.77,0.013,0.00,1;2;3;4;5;6;7;8;9;10;11;12;13;14;15;16;17;18;19;20;21;22;23;24;25;26;27;28;29;30;31;32;33;34;35;36;37;38;39;40,是
40,100000,回溯法,40,1769.00,22656.77,0.016,0.00,1;2;3;4;5;6;7;8;9;10;11;12;13;14;15;16;17;18;19;20;21;22;23;24;25;26;27;28;29;30;31;32;33;34;35;36;37;38;39;40,是
40,1000000,蛮力法,0,0,0,0,0,,跳过
40,1000000,动态规划法,40,1769.00,22656.77,3.049,1.68,1;2;3;4;5;6;7;8;9;10;11;12;13;14;15;16;17;18;19;20;21;22;23;24;25;26;27;28;29;30;31;32;33;34;35;36;37;38;39;40,是
40,1000000,贪心法,40,1769.00,22656.77,0.010,0.00,1;2;3;4;5;6;7;8;9;10;11;12;13;14;15;16;17;18;19;20;21;22;23;24;25;26;27;28;29;30;31;32;33;34;35;36;37;38;39;40,是
40,1000000,回溯法,40,1769.00,22656.77,0.028,0.00,1;2;3;4;5;6;7;8;9;10;11;12;13;14;15;16;17;18;19;20;21;22;23;24;25;26;27;28;29;30;31;32;33;34;35;36;37;38;39;40,是
50,10000,蛮力法,0,0,0,0,0,,跳过
50,10000,动态规划法,50,2269.52,27557.87,0.326,0.21,1;2;3;4;5;6;7;8;9;10;11;12;13;14;15;16;17;18;19;20;21;22;23;24;25;26;27;28;29;30;31;32;33;34;35;36;37;38;39;40;41;42;43;44;45;46;47;48;49;50,是
50,10000,贪心法,50,2269.52,27557.87,0.013,0.00,1;2;3;4;5;6;7;8;9;10;11;12;13;14;15;16;17;18;19;20;21;22;23;24;25;26;27;28;29;30;31;32;33;34;35;36;37;38;39;40;41;42;43;44;45;46;47;48;49;50,是
50,10000,回溯法,50,2269.52,27557.87,0.029,0.00,1;2;3;4;5;6;7;8;9;10;11;12;13;14;15;16;17;18;19;20;21;22;23;24;25;26;27;28;29;30;31;32;33;34;35;36;37;38;39;40;41;42;43;44;45;46;47;48;49;50,是
50,100000,蛮力法,0,0,0,0,0,,跳过
50,100000,动态规划法,50,2269.52,27557.87,0.274,0.21,1;2;3;4;5;6;7;8;9;10;11;12;13;14;15;16;17;18;19;20;21;22;23;24;25;26;27;28;29;30;31;32;33;34;35;36;37;38;39;40;41;42;43;44;45;46;47;48;49;50,是
50,100000,贪心法,50,2269.52,27557.87,0.015,0.00,1;2;3;4;5;6;7;8;9;10;11;12;13;14;15;16;17;18;19;20;21;22;23;24;25;26;27;28;29;30;31;32;33;34;35;36;37;38;39;40;41;42;43;44;45;46;47;48;49;50,是
50,100000,回溯法,50,2269.52,27557.87,0.024,0.00,1;2;3;4;5;6;7;8;9;10;11;12;13;14;15;16;17;18;19;20;21;22;23;24;25;26;27;28;29;30;31;32;33;34;35;36;37;38;39;40;41;42;43;44;45;46;47;48;49;50,是
50,1000000,蛮力法,0,0,0,0,0,,跳过
50,1000000,动态规划法,50,2269.52,27557.87,4.108,2.06,1;2;3;4;5;6;7;8;9;10;11;12;13;14;15;16;17;18;19;20;21;22;23;24;25;26;27;28;29;30;31;32;33;34;35;36;37;38;39;40;41;42;43;44;45;46;47;48;49;50,是
50,1000000,贪心法,50,2269.52,27557.87,0.012,0.00,1;2;3;4;5;6;7;8;9;10;11;12;13;14;15;16;17;18;19;20;21;22;23;24;25;26;27;28;29;30;31;32;33;34;35;36;37;38;39;40;41;42;43;44;45;46;47;48;49;50,是
50,1000000,回溯法,50,2269.52,27557.87,0.046,0.00,1;2;3;4;5;6;7;8;9;10;11;12;13;14;15;16;17;18;19;20;21;22;23;24;25;26;27;28;29;30;31;32;33;34;35;36;37;38;39;40;41;42;43;44;45;46;47;48;49;50,是
60,10000,蛮力法,0,0,0,0,0,,跳过
60,10000,动态规划法,60,2871.77,33118.78,0.351,0.24,1;2;3;4;5;6;7;8;9;10;11;12;13;14;15;16;17;18;19;20;21;22;23;24;25;26;27;28;29;30;31;32;33;34;35;36;37;38;39;40;41;42;43;44;45;46;47;48;49;50,是
60,10000,贪心法,60,2871.77,33118.78,0.012,0.00,1;2;3;4;5;6;7;8;9;10;11;12;13;14;15;16;17;18;19;20;21;22;23;24;25;26;27;28;29;30;31;32;33;34;35;36;37;38;39;40;41;42;43;44;45;46;47;48;49;50,是
60,10000,回溯法,60,2871.77,33118.78,0.038,0.00,1;2;3;4;5;6;7;8;9;10;11;12;13;14;15;16;17;18;19;20;21;22;23;24;25;26;27;28;29;30;31;32;33;34;35;36;37;38;39;40;41;42;43;44;45;46;47;48;49;50,是
60,100000,蛮力法,0,0,0,0,0,,跳过
60,100000,动态规划法,60,2871.77,33118.78,0.327,0.24,1;2;3;4;5;6;7;8;9;10;11;12;13;14;15;16;17;18;19;20;21;22;23;24;25;26;27;28;29;30;31;32;33;34;35;36;37;38;39;40;41;42;43;44;45;46;47;48;49;50,是
60,100000,贪心法,60,2871.77,33118.78,0.015,0.00,1;2;3;4;5;6;7;8;9;10;11;12;13;14;15;16;17;18;19;20;21;22;23;24;25;26;27;28;29;30;31;32;33;34;35;36;37;38;39;40;41;42;43;44;45;46;47;48;49;50,是
60,100000,回溯法,60,2871.77,33118.78,0.029,0.00,1;2;3;4;5;6;7;8;9;10;11;12;13;14;15;16;17;18;19;20;21;22;23;24;25;26;27;28;29;30;31;32;33;34;35;36;37;38;39;40;41;42;43;44;45;46;47;48;49;50,是
60,1000000,蛮力法,0,0,0,0,0,,跳过
60,1000000,动态规划法,60,2871.77,33118.78,4.485,2.44,1;2;3;4;5;6;7;8;9;10;11;12;13;14;15;16;17;18;19;20;21;22;23;24;25;26;27;28;29;30;31;32;33;34;35;36;37;38;39;40;41;42;43;44;45;46;47;48;49;50,是
60,1000000,贪心法,60,2871.77,33118.78,0.015,0.00,1;2;3;4;5;6;7;8;9;10;11;12;13;14;15;16;17;18;19;20;21;22;23;24;25;26;27;28;29;30;31;32;33;34;35;36;37;38;39;40;41;42;43;44;45;46;47;48;49;50,是
60,1000000,回溯法,60,2871.77,33118.78,0.031,0.00,1;2;3;4;5;6;7;8;9;10;11;12;13;14;15;16;17;18;19;20;21;22;23;24;25;26;27;28;29;30;31;32;33;34;35;36;37;38;39;40;41;42;43;44;45;46;47;48;49;50,是
70,10000,蛮力法,0,0,0,0,0,,跳过
70,10000,动态规划法,70,3384.45,40428.54,0.421,0.28,1;2;3;4;5;6;7;8;9;10;11;12;13;14;15;16;17;18;19;20;21;22;23;24;25;26;27;28;29;30;31;32;33;34;35;36;37;38;39;40;41;42;43;44;45;46;47;48;49;50,是
70,10000,贪心法,70,3384.45,40428.54,0.021,0.00,1;2;3;4;5;6;7;8;9;10;11;12;13;14;15;16;17;18;19;20;21;22;23;24;25;26;27;28;29;30;31;32;33;34;35;36;37;38;39;40;41;42;43;44;45;46;47;48;49;50,是
70,10000,回溯法,70,3384.45,40428.54,0.045,0.01,1;2;3;4;5;6;7;8;9;10;11;12;13;14;15;16;17;18;19;20;21;22;23;24;25;26;27;28;29;30;31;32;33;34;35;36;37;38;39;40;41;42;43;44;45;46;47;48;49;50,是
70,100000,蛮力法,0,0,0,0,0,,跳过
70,100000,动态规划法,70,3384.45,40428.54,0.444,0.28,1;2;3;4;5;6;7;8;9;10;11;12;13;14;15;16;17;18;19;20;21;22;23;24;25;26;27;28;29;30;31;32;33;34;35;36;37;38;39;40;41;42;43;44;45;46;47;48;49;50,是
70,100000,贪心法,70,3384.45,40428.54,0.159,0.00,1;2;3;4;5;6;7;8;9;10;11;12;13;14;15;16;17;18;19;20;21;22;23;24;25;26;27;28;29;30;31;32;33;34;35;36;37;38;39;40;41;42;43;44;45;46;47;48;49;50,是
70,100000,回溯法,70,3384.45,40428.54,0.037,0.01,1;2;3;4;5;6;7;8;9;10;11;12;13;14;15;16;17;18;19;20;21;22;23;24;25;26;27;28;29;30;31;32;33;34;35;36;37;38;39;40;41;42;43;44;45;46;47;48;49;50,是
70,1000000,蛮力法,0,0,0,0,0,,跳过
70,1000000,动态规划法,70,3384.45,40428.54,5.067,2.82,1;2;3;4;5;6;7;8;9;10;11;12;13;14;15;16;17;18;19;20;21;22;23;24;25;26;27;28;29;30;31;32;33;34;35;36;37;38;39;40;41;42;43;44;45;46;47;48;49;50,是
70,1000000,贪心法,70,3384.45,40428.54,0.022,0.00,1;2;3;4;5;6;7;8;9;10;11;12;13;14;15;16;17;18;19;20;21;22;23;24;25;26;27;28;29;30;31;32;33;34;35;36;37;38;39;40;41;42;43;44;45;46;47;48;49;50,是
70,1000000,回溯法,70,3384.45,40428.54,0.036,0.01,1;2;3;4;5;6;7;8;9;10;11;12;13;14;15;16;17;18;19;20;21;22;23;24;25;26;27;28;29;30;31;32;33;34;35;36;37;38;39;40;41;42;43;44;45;46;47;48;49;50,是
80,10000,蛮力法,0,0,0,0,0,,跳过
80,10000,动态规划法,80,3888.86,46006.78,0.552,0.32,1;2;3;4;5;6;7;8;9;10;11;12;13;14;15;16;17;18;19;20;21;22;23;24;25;26;27;28;29;30;31;32;33;34;35;36;37;38;39;40;41;42;43;44;45;46;47;48;49;50,是
80,10000,贪心法,80,3888.86,46006.78,0.017,0.00,1;2;3;4;5;6;7;8;9;10;11;12;13;14;15;16;17;18;19;20;21;22;23;24;25;26;27;28;29;30;31;32;33;34;35;36;37;38;39;40;41;42;43;44;45;46;47;48;49;50,是
80,10000,回溯法,80,3888.86,46006.78,0.045,0.01,1;2;3;4;5;6;7;8;9;10;11;12;13;14;15;16;17;18;19;20;21;22;23;24;25;26;27;28;29;30;31;32;33;34;35;36;37;38;39;40;41;42;43;44;45;46;47;48;49;50,是
80,100000,蛮力法,0,0,0,0,0,,跳过
80,100000,动态规划法,80,3888.86,46006.78,0.562,0.32,1;2;3;4;5;6;7;8;9;10;11;12;13;14;15;16;17;18;19;20;21;22;23;24;25;26;27;28;29;30;31;32;33;34;35;36;37;38;39;40;41;42;43;44;45;46;47;48;49;50,是
80,100000,贪心法,80,3888.86,46006.78,0.019,0.00,1;2;3;4;5;6;7;8;9;10;11;12;13;14;15;16;17;18;19;20;21;22;23;24;25;26;27;28;29;30;31;32;33;34;35;36;37;38;39;40;41;42;43;44;45;46;47;48;49;50,是
80,100000,回溯法,80,3888.86,46006.78,0.047,0.01,1;2;3;4;5;6;7;8;9;10;11;12;13;14;15;16;17;18;19;20;21;22;23;24;25;26;27;28;29;30;31;32;33;34;35;36;37;38;39;40;41;42;43;44;45;46;47;48;49;50,是
80,1000000,蛮力法,0,0,0,0,0,,跳过
80,1000000,动态规划法,80,3888.86,46006.78,5.648,3.21,1;2;3;4;5;6;7;8;9;10;11;12;13;14;15;16;17;18;19;20;21;22;23;24;25;26;27;28;29;30;31;32;33;34;35;36;37;38;39;40;41;42;43;44;45;46;47;48;49;50,是
80,1000000,贪心法,80,3888.86,46006.78,0.017,0.00,1;2;3;4;5;6;7;8;9;10;11;12;13;14;15;16;17;18;19;20;21;22;23;24;25;26;27;28;29;30;31;32;33;34;35;36;37;38;39;40;41;42;43;44;45;46;47;48;49;50,是
80,1000000,回溯法,80,3888.86,46006.78,0.048,0.01,1;2;3;4;5;6;7;8;9;10;11;12;13;14;15;16;17;18;19;20;21;22;23;24;25;26;27;28;29;30;31;32;33;34;35;36;37;38;39;40;41;42;43;44;45;46;47;48;49;50,是
90,10000,蛮力法,0,0,0,0,0,,跳过
90,10000,动态规划法,90,4323.11,51252.74,1.013,0.36,1;2;3;4;5;6;7;8;9;10;11;12;13;14;15;16;17;18;19;20;21;22;23;24;25;26;27;28;29;30;31;32;33;34;35;36;37;38;39;40;41;42;43;44;45;46;47;48;49;50,是
90,10000,贪心法,90,4323.11,51252.74,0.022,0.00,1;2;3;4;5;6;7;8;9;10;11;12;13;14;15;16;17;18;19;20;21;22;23;24;25;26;27;28;29;30;31;32;33;34;35;36;37;38;39;40;41;42;43;44;45;46;47;48;49;50,是
90,10000,回溯法,90,4323.11,51252.74,0.058,0.01,1;2;3;4;5;6;7;8;9;10;11;12;13;14;15;16;17;18;19;20;21;22;23;24;25;26;27;28;29;30;31;32;33;34;35;36;37;38;39;40;41;42;43;44;45;46;47;48;49;50,是
90,100000,蛮力法,0,0,0,0,0,,跳过
90,100000,动态规划法,90,4323.11,51252.74,0.590,0.36,1;2;3;4;5;6;7;8;9;10;11;12;13;14;15;16;17;18;19;20;21;22;23;24;25;26;27;28;29;30;31;32;33;34;35;36;37;38;39;40;41;42;43;44;45;46;47;48;49;50,是
90,100000,贪心法,90,4323.11,51252.74,0.021,0.00,1;2;3;4;5;6;7;8;9;10;11;12;13;14;15;16;17;18;19;20;21;22;23;24;25;26;27;28;29;30;31;32;33;34;35;36;37;38;39;40;41;42;43;44;45;46;47;48;49;50,是
90,100000,回溯法,90,4323.11,51252.74,0.053,0.01,1;2;3;4;5;6;7;8;9;10;11;12;13;14;15;16;17;18;19;20;21;22;23;24;25;26;27;28;29;30;31;32;33;34;35;36;37;38;39;40;41;42;43;44;45;46;47;48;49;50,是
90,1000000,蛮力法,0,0,0,0,0,,跳过
90,1000000,动态规划法,90,4323.11,51252.74,9.367,3.59,1;2;3;4;5;6;7;8;9;10;11;12;13;14;15;16;17;18;19;20;21;22;23;24;25;26;27;28;29;30;31;32;33;34;35;36;37;38;39;40;41;42;43;44;45;46;47;48;49;50,是
90,1000000,贪心法,90,4323.11,51252.74,0.021,0.00,1;2;3;4;5;6;7;8;9;10;11;12;13;14;15;16;17;18;19;20;21;22;23;24;25;26;27;28;29;30;31;32;33;34;35;36;37;38;39;40;41;42;43;44;45;46;47;48;49;50,是
90,1000000,回溯法,90,4323.11,51252.74,0.095,0.01,1;2;3;4;5;6;7;8;9;10;11;12;13;14;15;16;17;18;19;20;21;22;23;24;25;26;27;28;29;30;31;32;33;34;35;36;37;38;39;40;41;42;43;44;45;46;47;48;49;50,是
100,10000,蛮力法,0,0,0,0,0,,跳过
100,10000,动态规划法,100,4781.39,56205.30,0.686,0.40,1;2;3;4;5;6;7;8;9;10;11;12;13;14;15;16;17;18;19;20;21;22;23;24;25;26;27;28;29;30;31;32;33;34;35;36;37;38;39;40;41;42;43;44;45;46;47;48;49;50,是
100,10000,贪心法,100,4781.39,56205.30,0.027,0.00,1;2;3;4;5;6;7;8;9;10;11;12;13;14;15;16;17;18;19;20;21;22;23;24;25;26;27;28;29;30;31;32;33;34;35;36;37;38;39;40;41;42;43;44;45;46;47;48;49;50,是
100,10000,回溯法,100,4781.39,56205.30,0.075,0.01,1;2;3;4;5;6;7;8;9;10;11;12;13;14;15;16;17;18;19;20;21;22;23;24;25;26;27;28;29;30;31;32;33;34;35;36;37;38;39;40;41;42;43;44;45;46;47;48;49;50,是
100,100000,蛮力法,0,0,0,0,0,,跳过
100,100000,动态规划法,100,4781.39,56205.30,0.677,0.40,1;2;3;4;5;6;7;8;9;10;11;12;13;14;15;16;17;18;19;20;21;22;23;24;25;26;27;28;29;30;31;32;33;34;35;36;37;38;39;40;41;42;43;44;45;46;47;48;49;50,是
100,100000,贪心法,100,4781.39,56205.30,0.022,0.00,1;2;3;4;5;6;7;8;9;10;11;12;13;14;15;16;17;18;19;20;21;22;23;24;25;26;27;28;29;30;31;32;33;34;35;36;37;38;39;40;41;42;43;44;45;46;47;48;49;50,是
100,100000,回溯法,100,4781.39,56205.30,0.198,0.01,1;2;3;4;5;6;7;8;9;10;11;12;13;14;15;16;17;18;19;20;21;22;23;24;25;26;27;28;29;30;31;32;33;34;35;36;37;38;39;40;41;42;43;44;45;46;47;48;49;50,是
100,1000000,蛮力法,0,0,0,0,0,,跳过
100,1000000,动态规划法,100,4781.39,56205.30,7.021,3.97,1;2;3;4;5;6;7;8;9;10;11;12;13;14;15;16;17;18;19;20;21;22;23;24;25;26;27;28;29;30;31;32;33;34;35;36;37;38;39;40;41;42;43;44;45;46;47;48;49;50,是
100,1000000,贪心法,100,4781.39,56205.30,0.024,0.00,1;2;3;4;5;6;7;8;9;10;11;12;13;14;15;16;17;18;19;20;21;22;23;24;25;26;27;28;29;30;31;32;33;34;35;36;37;38;39;40;41;42;43;44;45;46;47;48;49;50,是
100,1000000,回溯法,100,4781.39,56205.30,0.067,0.01,1;2;3;4;5;6;7;8;9;10;11;12;13;14;15;16;17;18;19;20;21;22;23;24;25;26;27;28;29;30;31;32;33;34;35;36;37;38;39;40;41;42;43;44;45;46;47;48;49;50,是
125,10000,蛮力法,0,0,0,0,0,,跳过
125,10000,动态规划法,125,5981.71,68338.41,0.859,0.49,1;2;3;4;5;6;7;8;9;10;11;12;13;14;15;16;17;18;19;20;21;22;23;24;25;26;27;28;29;30;31;32;33;34;35;36;37;38;39;40;41;42;43;44;45;46;47;48;49;50,是
125,10000,贪心法,125,5981.71,68338.41,0.029,0.00,1;2;3;4;5;6;7;8;9;10;11;12;13;14;15;16;17;18;19;20;21;22;23;24;25;26;27;28;29;30;31;32;33;34;35;36;37;38;39;40;41;42;43;44;45;46;47;48;49;50,是
125,10000,回溯法,0,0,0,0,0,,跳过
125,100000,蛮力法,0,0,0,0,0,,跳过
125,100000,动态规划法,125,5981.71,68338.41,0.796,0.49,1;2;3;4;5;6;7;8;9;10;11;12;13;14;15;16;17;18;19;20;21;22;23;24;25;26;27;28;29;30;31;32;33;34;35;36;37;38;39;40;41;42;43;44;45;46;47;48;49;50,是
125,100000,贪心法,125,5981.71,68338.41,0.028,0.00,1;2;3;4;5;6;7;8;9;10;11;12;13;14;15;16;17;18;19;20;21;22;23;24;25;26;27;28;29;30;31;32;33;34;35;36;37;38;39;40;41;42;43;44;45;46;47;48;49;50,是
125,100000,回溯法,0,0,0,0,0,,跳过
125,1000000,蛮力法,0,0,0,0,0,,跳过
125,1000000,动态规划法,125,5981.71,68338.41,9.235,4.92,1;2;3;4;5;6;7;8;9;10;11;12;13;14;15;16;17;18;19;20;21;22;23;24;25;26;27;28;29;30;31;32;33;34;35;36;37;38;39;40;41;42;43;44;45;46;47;48;49;50,是
125,1000000,贪心法,125,5981.71,68338.41,0.030,0.00,1;2;3;4;5;6;7;8;9;10;11;12;13;14;15;16;17;18;19;20;21;22;23;24;25;26;27;28;29;30;31;32;33;34;35;36;37;38;39;40;41;42;43;44;45;46;47;48;49;50,是
125,1000000,回溯法,0,0,0,0,0,,跳过
150,10000,蛮力法,0,0,0,0,0,,跳过
150,10000,动态规划法,150,7178.01,79962.24,1.156,0.59,1;2;3;4;5;6;7;8;9;10;11;12;13;14;15;16;17;18;19;20;21;22;23;24;25;26;27;28;29;30;31;32;33;34;35;36;37;38;39;40;41;42;43;44;45;46;47;48;49;50,是
150,10000,贪心法,150,7178.01,79962.24,0.054,0.00,1;2;3;4;5;6;7;8;9;10;11;12;13;14;15;16;17;18;19;20;21;22;23;24;25;26;27;28;29;30;31;32;33;34;35;36;37;38;39;40;41;42;43;44;45;46;47;48;49;50,是
150,10000,回溯法,0,0,0,0,0,,跳过
150,100000,蛮力法,0,0,0,0,0,,跳过
150,100000,动态规划法,150,7178.01,79962.24,1.060,0.59,1;2;3;4;5;6;7;8;9;10;11;12;13;14;15;16;17;18;19;20;21;22;23;24;25;26;27;28;29;30;31;32;33;34;35;36;37;38;39;40;41;42;43;44;45;46;47;48;49;50,是
150,100000,贪心法,150,7178.01,79962.24,0.030,0.00,1;2;3;4;5;6;7;8;9;10;11;12;13;14;15;16;17;18;19;20;21;22;23;24;25;26;27;28;29;30;31;32;33;34;35;36;37;38;39;40;41;42;43;44;45;46;47;48;49;50,是
150,100000,回溯法,0,0,0,0,0,,跳过
150,1000000,蛮力法,0,0,0,0,0,,跳过
150,1000000,动态规划法,150,7178.01,79962.24,11.883,5.88,1;2;3;4;5;6;7;8;9;10;11;12;13;14;15;16;17;18;19;20;21;22;23;24;25;26;27;28;29;30;31;32;33;34;35;36;37;38;39;40;41;42;43;44;45;46;47;48;49;50,是
150,1000000,贪心法,150,7178.01,79962.24,0.036,0.00,1;2;3;4;5;6;7;8;9;10;11;12;13;14;15;16;17;18;19;20;21;22;23;24;25;26;27;28;29;30;31;32;33;34;35;36;37;38;39;40;41;42;43;44;45;46;47;48;49;50,是
150,1000000,回溯法,0,0,0,0,0,,跳过
175,10000,蛮力法,0,0,0,0,0,,跳过
175,10000,动态规划法,175,8566.26,95705.79,1.207,0.68,1;2;3;4;5;6;7;8;9;10;11;12;13;14;15;16;17;18;19;20;21;22;23;24;25;26;27;28;29;30;31;32;33;34;35;36;37;38;39;40;41;42;43;44;45;46;47;48;49;50,是
175,10000,贪心法,175,8566.26,95705.79,0.045,0.00,1;2;3;4;5;6;7;8;9;10;11;12;13;14;15;16;17;18;19;20;21;22;23;24;25;26;27;28;29;30;31;32;33;34;35;36;37;38;39;40;41;42;43;44;45;46;47;48;49;50,是
175,10000,回溯法,0,0,0,0,0,,跳过
175,100000,蛮力法,0,0,0,0,0,,跳过
175,100000,动态规划法,175,8566.26,95705.79,1.385,0.68,1;2;3;4;5;6;7;8;9;10;11;12;13;14;15;16;17;18;19;20;21;22;23;24;25;26;27;28;29;30;31;32;33;34;35;36;37;38;39;40;41;42;43;44;45;46;47;48;49;50,是
175,100000,贪心法,175,8566.26,95705.79,0.043,0.00,1;2;3;4;5;6;7;8;9;10;11;12;13;14;15;16;17;18;19;20;21;22;23;24;25;26;27;28;29;30;31;32;33;34;35;36;37;38;39;40;41;42;43;44;45;46;47;48;49;50,是
175,100000,回溯法,0,0,0,0,0,,跳过
175,1000000,蛮力法,0,0,0,0,0,,跳过
175,1000000,动态规划法,175,8566.26,95705.79,14.189,6.83,1;2;3;4;5;6;7;8;9;10;11;12;13;14;15;16;17;18;19;20;21;22;23;24;25;26;27;28;29;30;31;32;33;34;35;36;37;38;39;40;41;42;43;44;45;46;47;48;49;50,是
175,1000000,贪心法,175,8566.26,95705.79,0.046,0.00,1;2;3;4;5;6;7;8;9;10;11;12;13;14;15;16;17;18;19;20;21;22;23;24;25;26;27;28;29;30;31;32;33;34;35;36;37;38;39;40;41;42;43;44;45;46;47;48;49;50,是
175,1000000,回溯法,0,0,0,0,0,,跳过
200,10000,蛮力法,0,0,0,0,0,,跳过
200,10000,动态规划法,200,9620.39,107379.70,10.101,0.78,1;2;3;4;5;6;7;8;9;10;11;12;13;14;15;16;17;18;19;20;21;22;23;24;25;26;27;28;29;30;31;32;33;34;35;36;37;38;39;40;41;42;43;44;45;46;47;48;49;50,是
200,10000,贪心法,200,9620.39,107379.70,0.048,0.00,1;2;3;4;5;6;7;8;9;10;11;12;13;14;15;16;17;18;19;20;21;22;23;24;25;26;27;28;29;30;31;32;33;34;35;36;37;38;39;40;41;42;43;44;45;46;47;48;49;50,是
200,10000,回溯法,0,0,0,0,0,,跳过
200,100000,蛮力法,0,0,0,0,0,,跳过
200,100000,动态规划法,200,9620.39,107379.70,1.332,0.78,1;2;3;4;5;6;7;8;9;10;11;12;13;14;15;16;17;18;19;20;21;22;23;24;25;26;27;28;29;30;31;32;33;34;35;36;37;38;39;40;41;42;43;44;45;46;47;48;49;50,是
200,100000,贪心法,200,9620.39,107379.70,0.049,0.00,1;2;3;4;5;6;7;8;9;10;11;12;13;14;15;16;17;18;19;20;21;22;23;24;25;26;27;28;29;30;31;32;33;34;35;36;37;38;39;40;41;42;43;44;45;46;47;48;49;50,是
200,100000,回溯法,0,0,0,0,0,,跳过
200,1000000,蛮力法,0,0,0,0,0,,跳过
200,1000000,动态规划法,200,9620.39,107379.70,48.488,7.78,1;2;3;4;5;6;7;8;9;10;11;12;13;14;15;16;17;18;19;20;21;22;23;24;25;26;27;28;29;30;31;32;33;34;35;36;37;38;39;40;41;42;43;44;45;46;47;48;49;50,是
200,1000000,贪心法,200,9620.39,107379.70,0.079,0.00,1;2;3;4;5;6;7;8;9;10;11;12;13;14;15;16;17;18;19;20;21;22;23;24;25;26;27;28;29;30;31;32;33;34;35;36;37;38;39;40;41;42;43;44;45;46;47;48;49;50,是
200,1000000,回溯法,0,0,0,0,0,,跳过
500,10000,蛮力法,0,0,0,0,0,,跳过
500,10000,动态规划法,297,11034.51,197460.41,3.540,1.93,1;2;3;4;6;8;10;11;13;14;15;18;19;20;21;23;24;26;28;30;31;32;34;36;37;38;40;41;42;43;45;46;49;53;54;57;60;62;64;65;66;67;68;69;70;72;75;76;78;79,是
500,10000,贪心法,279,9999.78,187772.66,0.159,0.01,1;2;4;8;10;11;13;14;15;18;19;20;21;23;24;26;28;30;31;32;34;36;37;38;41;42;43;45;46;53;54;57;60;62;64;65;66;67;68;69;70;72;75;76;78;79;82;85;86;87,是
500,10000,回溯法,0,0,0,0,0,,跳过
500,100000,蛮力法,0,0,0,0,0,,跳过
500,100000,动态规划法,500,25154.85,271213.99,4.487,1.93,1;2;3;4;5;6;7;8;9;10;11;12;13;14;15;16;17;18;19;20;21;22;23;24;25;26;27;28;29;30;31;32;33;34;35;36;37;38;39;40;41;42;43;44;45;46;47;48;49;50,是
500,100000,贪心法,500,25154.85,271213.99,0.128,0.01,1;2;3;4;5;6;7;8;9;10;11;12;13;14;15;16;17;18;19;20;21;22;23;24;25;26;27;28;29;30;31;32;33;34;35;36;37;38;39;40;41;42;43;44;45;46;47;48;49;50,是
500,100000,回溯法,0,0,0,0,0,,跳过
500,1000000,蛮力法,0,0,0,0,0,,跳过
500,1000000,动态规划法,500,25154.85,271213.99,36.617,19.23,1;2;3;4;5;6;7;8;9;10;11;12;13;14;15;16;17;18;19;20;21;22;23;24;25;26;27;28;29;30;31;32;33;34;35;36;37;38;39;40;41;42;43;44;45;46;47;48;49;50,是
500,1000000,贪心法,500,25154.85,271213.99,0.107,0.01,1;2;3;4;5;6;7;8;9;10;11;12;13;14;15;16;17;18;19;20;21;22;23;24;25;26;27;28;29;30;31;32;33;34;35;36;37;38;39;40;41;42;43;44;45;46;47;48;49;50,是
500,1000000,回溯法,0,0,0,0,0,,跳过
1000,10000,蛮力法,0,0,0,0,0,,跳过
1000,10000,动态规划法,425,11050.85,280063.16,7.466,3.84,2;4;8;10;11;13;15;18;19;20;23;24;26;28;30;31;34;36;37;38;42;45;46;54;57;60;64;65;66;67;69;72;78;79;82;85;87;89;93;97;99;102;106;108;110;113;115;116;117;118,是
1000,10000,贪心法,403,9993.60,267390.43,0.220,0.02,1;2;8;10;11;15;18;19;20;23;24;26;28;30;31;34;36;37;38;42;45;46;54;57;60;64;65;66;67;69;72;78;79;82;85;87;89;93;97;99;102;106;108;110;113;115;116;117;119;122,是
1000,10000,回溯法,0,0,0,0,0,,跳过
1000,100000,蛮力法,0,0,0,0,0,,跳过
1000,100000,动态规划法,1000,49063.12,545121.16,8.657,3.84,1;2;3;4;5;6;7;8;9;10;11;12;13;14;15;16;17;18;19;20;21;22;23;24;25;26;27;28;29;30;31;32;33;34;35;36;37;38;39;40;41;42;43;44;45;46;47;48;49;50,是
1000,100000,贪心法,1000,49063.12,545121.16,0.218,0.02,1;2;3;4;5;6;7;8;9;10;11;12;13;14;15;16;17;18;19;20;21;22;23;24;25;26;27;28;29;30;31;32;33;34;35;36;37;38;39;40;41;42;43;44;45;46;47;48;49;50,是
1000,100000,回溯法,0,0,0,0,0,,跳过
1000,1000000,蛮力法,0,0,0,0,0,,跳过
1000,1000000,动态规划法,1000,49063.12,545121.16,75.668,38.31,1;2;3;4;5;6;7;8;9;10;11;12;13;14;15;16;17;18;19;20;21;22;23;24;25;26;27;28;29;30;31;32;33;34;35;36;37;38;39;40;41;42;43;44;45;46;47;48;49;50,是
1000,1000000,贪心法,1000,49063.12,545121.16,0.225,0.02,1;2;3;4;5;6;7;8;9;10;11;12;13;14;15;16;17;18;19;20;21;22;23;24;25;26;27;28;29;30;31;32;33;34;35;36;37;38;39;40;41;42;43;44;45;46;47;48;49;50,是
1000,1000000,回溯法,0,0,0,0,0,,跳过
2000,10000,蛮力法,0,0,0,0,0,,跳过
2000,10000,动态规划法,573,11337.80,385639.89,14.428,7.67,8;11;18;19;20;23;24;26;28;30;31;34;38;42;45;46;54;57;60;64;65;66;67;69;72;78;79;82;85;87;89;97;99;102;106;108;113;115;116;117;122;129;133;137;144;146;148;155;160;162,是
2000,10000,贪心法,540,9997.50,363706.25,0.746,0.04,1;8;11;18;19;20;23;24;26;28;30;31;34;38;42;45;46;54;57;60;64;65;66;67;69;72;78;79;82;85;87;89;93;97;99;102;106;108;113;115;117;122;133;137;143;144;146;148;155;160,是
2000,10000,回溯法,0,0,0,0,0,,跳过
2000,100000,蛮力法,0,0,0,0,0,,跳过
2000,100000,动态规划法,1000,50924.43,775064.73,16.661,7.67,2;6;8;10;11;12;17;18;19;20;21;22;24;26;28;29;30;32;34;36;37;38;39;43;45;46;49;51;53;54;56;57;60;61;62;64;65;66;67;68;70;72;73;75;76;80;82;85;88;90,是
2000,100000,贪心法,1976,99998.96,1090329.58,0.507,0.04,1;2;3;4;5;6;7;8;9;10;11;12;13;14;15;16;17;18;19;20;21;22;23;24;25;26;27;28;29;30;31;32;33;34;35;36;37;38;39;40;41;42;43;44;45;46;47;48;49;50,是
2000,100000,回溯法,0,0,0,0,0,,跳过
2000,1000000,蛮力法,0,0,0,0,0,,跳过
2000,1000000,动态规划法,2000,102163.60,1093165.72,155.942,76.47,1;2;3;4;5;6;7;8;9;10;11;12;13;14;15;16;17;18;19;20;21;22;23;24;25;26;27;28;29;30;31;32;33;34;35;36;37;38;39;40;41;42;43;44;45;46;47;48;49;50,是
2000,1000000,贪心法,2000,102163.60,1093165.72,0.498,0.04,1;2;3;4;5;6;7;8;9;10;11;12;13;14;15;16;17;18;19;20;21;22;23;24;25;26;27;28;29;30;31;32;33;34;35;36;37;38;39;40;41;42;43;44;45;46;47;48;49;50,是
2000,1000000,回溯法,0,0,0,0,0,,跳过
3000,10000,蛮力法,0,0,0,0,0,,跳过
3000,10000,动态规划法,690,11313.51,469758.59,25.231,11.49,8;11;18;19;20;23;24;26;28;30;31;34;38;45;46;54;57;60;64;67;69;72;78;79;82;85;87;97;99;106;108;113;116;117;122;133;137;144;146;148;160;162;167;170;180;181;185;187;188;190,是
3000,10000,贪心法,663,9997.76,447337.75,0.746,0.06,1;8;11;18;19;20;23;24;26;28;30;31;34;38;42;45;46;54;57;60;64;67;69;72;78;79;82;85;87;89;97;99;106;108;113;115;117;122;133;143;144;148;160;162;167;170;180;181;185;187,是
3000,10000,回溯法,0,0,0,0,0,,跳过
3000,100000,蛮力法,0,0,0,0,0,,跳过
3000,100000,动态规划法,1000,51034.95,851269.55,23.066,11.49,2;6;8;11;12;18;19;21;24;28;30;32;36;37;38;43;45;46;49;56;57;60;62;64;65;66;67;68;70;75;76;80;82;85;88;90;92;97;100;102;110;114;115;122;127;133;141;142;144;147,是
3000,100000,贪心法,2275,99986.78,1448722.99,0.841,0.06,1;2;3;4;6;7;8;9;10;11;12;13;14;15;17;18;19;20;21;22;23;24;25;26;28;29;30;31;32;34;36;37;38;39;40;41;42;43;45;46;49;51;53;54;56;57;59;60;61;62,是
3000,100000,回溯法,0,0,0,0,0,,跳过
3000,1000000,蛮力法,0,0,0,0,0,,跳过
3000,1000000,动态规划法,3000,153012.89,1646981.59,245.886,114.63,1;2;3;4;5;6;7;8;9;10;11;12;13;14;15;16;17;18;19;20;21;22;23;24;25;26;27;28;29;30;31;32;33;34;35;36;37;38;39;40;41;42;43;44;45;46;47;48;49;50,是
3000,1000000,贪心法,3000,153012.89,1646981.59,1.358,0.06,1;2;3;4;5;6;7;8;9;10;11;12;13;14;15;16;17;18;19;20;21;22;23;24;25;26;27;28;29;30;31;32;33;34;35;36;37;38;39;40;41;42;43;44;45;46;47;48;49;50,是
3000,1000000,回溯法,0,0,0,0,0,,跳过
4000,10000,蛮力法,0,0,0,0,0,,跳过
4000,10000,动态规划法,767,11196.22,540995.18,43.277,15.32,8;11;18;20;24;26;28;34;38;45;46;54;57;60;64;67;69;72;78;79;82;85;87;97;108;113;116;117;122;133;144;148;160;162;167;180;181;185;187;188;190;195;199;201;209;213;225;230;232;233,是
4000,10000,贪心法,765,9995.90,522226.39,6.430,0.08,1;8;11;18;24;26;28;34;38;42;45;46;54;57;60;64;67;69;72;78;79;82;85;87;89;97;99;108;113;117;122;133;144;148;160;162;167;170;180;181;185;187;188;190;195;201;213;225;230;233,是
4000,10000,回溯法,0,0,0,0,0,,跳过
4000,100000,蛮力法,0,0,0,0,0,,跳过
4000,100000,动态规划法,1000,49838.86,889238.85,28.029,15.32,2;6;11;12;18;19;21;24;28;30;32;36;43;45;46;49;57;62;64;65;66;67;70;75;76;85;88;90;97;100;102;110;114;115;122;142;144;147;148;151;155;158;160;161;164;167;169;173;174;175,是
4000,100000,贪心法,2550,99991.99,1700121.86,0.815,0.08,1;2;3;4;6;8;10;11;12;13;14;15;18;19;20;21;23;24;26;28;30;31;32;34;36;37;38;41;42;43;45;46;49;53;54;56;57;60;62;64;65;66;67;68;69;70;72;73;75;76,是
4000,100000,回溯法,0,0,0,0,0,,跳过
4000,1000000,蛮力法,0,0,0,0,0,,跳过
4000,1000000,动态规划法,4000,202682.04,2193423.29,368.877,152.79,1;2;3;4;5;6;7;8;9;10;11;12;13;14;15;16;17;18;19;20;21;22;23;24;25;26;27;28;29;30;31;32;33;34;35;36;37;38;39;40;41;42;43;44;45;46;47;48;49;50,是
4000,1000000,贪心法,4000,202682.04,2193423.29,1.117,0.08,1;2;3;4;5;6;7;8;9;10;11;12;13;14;15;16;17;18;19;20;21;22;23;24;25;26;27;28;29;30;31;32;33;34;35;36;37;38;39;40;41;42;43;44;45;46;47;48;49;50,是
4000,1000000,回溯法,0,0,0,0,0,,跳过
5000,10000,蛮力法,0,0,0,0,0,,跳过
5000,10000,动态规划法,827,11068.29,596432.85,39.435,19.15,8;11;18;24;28;34;38;45;46;54;57;60;64;67;69;72;78;79;82;85;97;108;113;117;122;133;144;160;162;167;180;181;185;187;188;190;201;213;225;230;232;233;234;245;249;250;256;260;285;292,是
5000,10000,贪心法,849,9997.67,582659.20,1.310,0.10,1;8;18;24;26;28;34;38;45;46;54;57;60;64;67;69;72;78;79;82;85;89;97;99;108;113;117;133;144;160;167;170;180;181;185;187;188;190;195;201;213;225;230;233;245;249;250;256;260;267,是
5000,10000,回溯法,0,0,0,0,0,,跳过
5000,100000,蛮力法,0,0,0,0,0,,跳过
5000,100000,动态规划法,1000,50582.88,910801.14,37.200,19.15,2;6;11;18;19;21;24;28;30;32;36;43;46;49;57;62;65;66;70;75;85;88;90;97;102;110;114;115;122;144;147;148;151;155;158;160;161;164;169;173;175;180;185;187;198;201;203;213;216;231,是
5000,100000,贪心法,2824,99993.72,1913122.12,1.239,0.10,1;2;4;8;10;11;13;14;15;18;19;20;21;23;24;26;28;30;31;32;34;36;37;38;41;42;43;45;46;53;54;57;60;62;64;65;66;67;68;69;70;72;75;76;78;79;82;85;86;87,是
5000,100000,回溯法,0,0,0,0,0,,跳过
5000,1000000,蛮力法,0,0,0,0,0,,跳过
5000,1000000,动态规划法,5000,252413.31,2756297.42,393.366,190.94,1;2;3;4;5;6;7;8;9;10;11;12;13;14;15;16;17;18;19;20;21;22;23;24;25;26;27;28;29;30;31;32;33;34;35;36;37;38;39;40;41;42;43;44;45;46;47;48;49;50,是
5000,1000000,贪心法,5000,252413.31,2756297.42,1.554,0.10,1;2;3;4;5;6;7;8;9;10;11;12;13;14;15;16;17;18;19;20;21;22;23;24;25;26;27;28;29;30;31;32;33;34;35;36;37;38;39;40;41;42;43;44;45;46;47;48;49;50,是
5000,1000000,回溯法,0,0,0,0,0,,跳过
